-- phpMyAdmin SQL Dump
-- version 5.1.1
-- https://www.phpmyadmin.net/
--
-- Host: 127.0.0.1
-- Tempo de geração: 01-Mar-2023 às 18:33
-- Versão do servidor: 10.4.22-MariaDB
-- versão do PHP: 8.1.2

SET SQL_MODE = "NO_AUTO_VALUE_ON_ZERO";
START TRANSACTION;
SET time_zone = "+00:00";


/*!40101 SET @OLD_CHARACTER_SET_CLIENT=@@CHARACTER_SET_CLIENT */;
/*!40101 SET @OLD_CHARACTER_SET_RESULTS=@@CHARACTER_SET_RESULTS */;
/*!40101 SET @OLD_COLLATION_CONNECTION=@@COLLATION_CONNECTION */;
/*!40101 SET NAMES utf8mb4 */;

--
-- Banco de dados: `pepsico_memoria`
--

-- --------------------------------------------------------

--
-- Estrutura da tabela `jogador`
--

CREATE TABLE `jogador` (
  `idJogador` int(11) NOT NULL,
  `nomeJogador` varchar(255) NOT NULL,
  `packMemoria` int(11) NOT NULL,
  `pontuacaoJogador` int(11) NOT NULL,
  `dataInicioJogador` datetime NOT NULL,
  `dataFinalizadoJogador` datetime DEFAULT NULL,
  `desistiuJogador` tinyint(1) NOT NULL DEFAULT 0
) ENGINE=InnoDB DEFAULT CHARSET=utf8mb4;

--
-- Extraindo dados da tabela `jogador`
--

INSERT INTO `jogador` (`idJogador`, `nomeJogador`, `packMemoria`, `pontuacaoJogador`, `dataInicioJogador`, `dataFinalizadoJogador`, `desistiuJogador`) VALUES
(1, '', 1, 0, '2023-02-23 17:12:49', NULL, 0),
(2, '', 1, 0, '2023-02-23 17:12:53', NULL, 0),
(3, '', 1, 0, '2023-02-23 17:14:38', NULL, 0),
(4, '', 1, 0, '2023-02-23 17:17:40', NULL, 0),
(5, '', 1, 0, '2023-02-23 17:18:41', NULL, 0),
(6, 'tetststs', 1, 148700, '2023-02-23 17:18:55', '2023-02-23 17:19:34', 0),
(7, '', 1, 148900, '2023-02-23 17:21:32', '2023-02-23 17:22:09', 0),
(8, '', 1, 0, '2023-02-24 08:17:19', NULL, 0),
(9, '', 1, 0, '2023-02-24 08:19:42', NULL, 0),
(10, '', 1, 0, '2023-02-24 08:24:18', NULL, 0),
(11, '', 1, 0, '2023-02-24 08:24:57', NULL, 0),
(12, '', 1, 0, '2023-02-24 08:25:27', NULL, 0),
(13, '', 1, 0, '2023-02-24 08:25:28', NULL, 0),
(14, '', 1, 0, '2023-02-24 08:26:26', NULL, 0),
(15, '', 1, 0, '2023-02-24 08:27:35', '2023-02-24 08:30:46', 0),
(16, '', 1, 0, '2023-02-24 08:45:59', NULL, 0),
(17, '', 1, 0, '2023-02-24 08:46:01', NULL, 0),
(18, '222swwww2222', 1, 20000, '2023-02-24 08:46:25', NULL, 0),
(19, '', 1, 0, '2023-02-24 09:52:57', NULL, 0),
(20, '', 1, 0, '2023-02-24 09:53:19', NULL, 0),
(21, '', 1, 0, '2023-02-24 09:53:50', NULL, 0),
(22, '', 1, 0, '2023-02-24 09:54:17', NULL, 0),
(23, '', 1, 0, '2023-02-24 09:54:29', NULL, 0),
(24, '', 1, 0, '2023-02-24 09:54:30', NULL, 0),
(25, '', 1, 0, '2023-02-24 09:55:04', NULL, 0),
(26, '', 1, 0, '2023-02-24 09:55:04', NULL, 0),
(27, '', 1, 0, '2023-02-24 09:55:05', NULL, 0),
(28, '', 1, 0, '2023-02-24 09:55:06', NULL, 0),
(29, '', 1, 0, '2023-02-24 09:55:06', NULL, 0),
(30, '', 1, 0, '2023-02-24 09:55:07', NULL, 0),
(31, '', 1, 0, '2023-02-24 09:55:12', NULL, 0),
(32, '', 1, 0, '2023-02-24 09:55:12', NULL, 0),
(33, '', 1, 0, '2023-02-24 09:55:15', NULL, 0),
(34, '', 1, 0, '2023-02-24 09:55:19', NULL, 0),
(35, '', 1, 0, '2023-02-24 09:55:22', NULL, 0),
(36, '', 1, 0, '2023-02-24 09:55:53', NULL, 0),
(37, '', 1, 0, '2023-02-24 09:55:55', NULL, 0),
(38, '', 1, 0, '2023-02-24 09:55:55', NULL, 0),
(39, '', 1, 0, '2023-02-24 09:56:02', NULL, 0),
(40, '', 1, 0, '2023-02-24 09:56:03', NULL, 0),
(41, '', 1, 0, '2023-02-24 09:56:13', NULL, 0),
(42, '', 1, 0, '2023-02-24 09:56:13', NULL, 0),
(43, '', 1, 0, '2023-02-24 09:56:24', NULL, 0),
(44, '', 1, 0, '2023-02-24 09:56:31', NULL, 0),
(45, '', 1, 0, '2023-02-24 09:56:32', NULL, 0),
(46, '', 1, 0, '2023-02-24 09:56:49', NULL, 0),
(47, '', 1, 0, '2023-02-24 09:56:58', NULL, 0),
(48, '', 1, 0, '2023-02-24 09:57:00', NULL, 0),
(49, '', 1, 0, '2023-02-24 09:57:00', NULL, 0),
(50, '', 1, 0, '2023-02-24 09:57:02', NULL, 0),
(51, '', 1, 0, '2023-02-24 09:57:04', NULL, 0),
(52, '', 1, 0, '2023-02-24 09:57:06', NULL, 0),
(53, '', 1, 0, '2023-02-24 09:57:08', NULL, 0),
(54, '', 1, 0, '2023-02-24 09:57:11', NULL, 0),
(55, '', 1, 0, '2023-02-24 09:57:12', NULL, 0),
(56, '', 1, 0, '2023-02-24 09:57:12', NULL, 0),
(57, '', 1, 0, '2023-02-24 09:57:12', NULL, 0),
(58, '', 1, 0, '2023-02-24 09:57:12', NULL, 0),
(59, '', 1, 0, '2023-02-24 09:57:13', NULL, 0),
(60, '', 1, 0, '2023-02-24 09:57:13', NULL, 0),
(61, '', 1, 0, '2023-02-24 09:57:26', NULL, 0),
(62, '', 1, 0, '2023-02-24 09:57:27', NULL, 0),
(63, '', 1, 0, '2023-02-24 09:57:29', NULL, 0),
(64, '', 1, 0, '2023-02-24 09:57:31', NULL, 0),
(65, '', 1, 0, '2023-02-24 09:57:32', NULL, 0),
(66, '', 1, 0, '2023-02-24 09:57:32', NULL, 0),
(67, '', 1, 0, '2023-02-24 09:57:32', NULL, 0),
(68, '', 1, 0, '2023-02-24 09:57:32', NULL, 0),
(69, '', 1, 0, '2023-02-24 09:57:34', NULL, 0),
(70, '', 1, 0, '2023-02-24 09:57:34', NULL, 0),
(71, '', 1, 0, '2023-02-24 09:57:34', NULL, 0),
(72, '', 1, 0, '2023-02-24 09:57:34', NULL, 0),
(73, '', 1, 0, '2023-02-24 09:57:34', NULL, 0),
(74, '', 1, 0, '2023-02-24 09:57:34', NULL, 0),
(75, '', 1, 0, '2023-02-24 09:57:34', NULL, 0),
(76, '', 1, 0, '2023-02-24 09:57:35', NULL, 0),
(77, '', 1, 0, '2023-02-24 09:57:35', NULL, 0),
(78, '', 1, 0, '2023-02-24 09:57:37', NULL, 0),
(79, '', 1, 0, '2023-02-24 09:57:37', NULL, 0),
(80, '', 1, 0, '2023-02-24 09:57:46', NULL, 0),
(81, '', 1, 0, '2023-02-24 09:57:57', NULL, 0),
(82, '', 1, 0, '2023-02-24 09:58:08', NULL, 0),
(83, '', 1, 0, '2023-02-24 09:58:19', NULL, 0),
(84, '', 1, 0, '2023-02-24 09:58:22', NULL, 0),
(85, '', 1, 0, '2023-02-24 09:58:27', NULL, 0),
(86, '', 1, 0, '2023-02-24 09:58:37', NULL, 0),
(87, '', 1, 0, '2023-02-24 09:58:41', NULL, 0),
(88, '', 1, 0, '2023-02-24 10:02:10', NULL, 0),
(89, '', 1, 0, '2023-02-24 10:02:11', NULL, 0),
(90, '', 1, 0, '2023-02-24 10:47:53', NULL, 0),
(91, 'André', 1, 149300, '2023-02-24 10:48:08', '2023-02-24 10:48:41', 0),
(92, 'ue', 1, 147500, '2023-02-24 11:03:33', '2023-02-24 11:04:31', 0),
(93, 'teste', 1, 145400, '2023-02-24 11:09:19', '2023-02-24 11:11:31', 0),
(94, 'opa', 1, 148700, '2023-02-24 11:11:43', '2023-02-24 11:12:21', 0),
(95, '', 1, 0, '2023-02-24 11:40:25', NULL, 0),
(96, '', 1, 0, '2023-02-24 11:40:51', NULL, 0),
(97, '', 1, 0, '2023-02-24 12:30:57', NULL, 0),
(98, '', 1, 0, '2023-02-24 12:31:13', NULL, 0),
(99, '', 1, 0, '2023-02-24 12:31:16', NULL, 0),
(100, '', 1, 0, '2023-02-24 12:31:31', NULL, 0),
(101, '', 1, 0, '2023-02-24 12:31:36', NULL, 0),
(102, '', 1, 0, '2023-02-24 12:32:20', NULL, 0),
(103, '', 1, 0, '2023-02-24 12:32:38', NULL, 0),
(104, '', 1, 0, '2023-02-24 12:32:39', NULL, 0),
(105, '', 1, 0, '2023-02-24 12:32:44', NULL, 0),
(106, '', 1, 0, '2023-02-24 12:33:06', NULL, 0),
(107, '', 1, 0, '2023-02-24 12:33:12', NULL, 0),
(108, '', 1, 0, '2023-02-24 12:33:20', NULL, 0),
(109, '', 1, 0, '2023-02-24 12:33:36', NULL, 0),
(110, '', 1, 0, '2023-02-24 12:33:41', NULL, 0),
(111, '', 1, 0, '2023-02-24 12:33:47', NULL, 0),
(112, '', 1, 0, '2023-02-24 12:34:00', NULL, 0),
(113, '', 1, 0, '2023-02-24 12:34:09', NULL, 0),
(114, '', 1, 0, '2023-02-24 12:34:09', NULL, 0),
(115, '', 1, 0, '2023-02-24 12:34:09', NULL, 0),
(116, '', 1, 0, '2023-02-24 12:34:10', NULL, 0),
(117, '', 1, 0, '2023-02-24 12:34:10', NULL, 0),
(118, '', 1, 0, '2023-02-24 12:34:10', NULL, 0),
(119, '', 1, 0, '2023-02-24 12:34:10', NULL, 0),
(120, '', 1, 0, '2023-02-24 12:34:11', NULL, 0),
(121, '', 1, 0, '2023-02-24 12:34:11', NULL, 0),
(122, '', 1, 0, '2023-02-24 12:34:11', NULL, 0),
(123, '', 1, 0, '2023-02-24 12:34:11', NULL, 0),
(124, '', 1, 0, '2023-02-24 12:34:11', NULL, 0),
(125, '', 1, 0, '2023-02-24 12:34:11', NULL, 0),
(126, '', 1, 0, '2023-02-24 12:34:43', NULL, 0),
(127, '', 1, 0, '2023-02-24 12:35:18', NULL, 0),
(128, '', 1, 0, '2023-02-24 12:35:33', NULL, 0),
(129, '', 1, 0, '2023-02-24 12:35:38', NULL, 0),
(130, '', 1, 0, '2023-02-24 12:35:45', NULL, 0),
(131, '', 1, 0, '2023-02-24 12:35:49', NULL, 0),
(132, '', 1, 0, '2023-02-24 12:36:31', NULL, 0),
(133, '', 1, 0, '2023-02-24 12:36:41', NULL, 0),
(134, '', 1, 0, '2023-02-24 12:37:13', NULL, 0),
(135, '', 1, 0, '2023-02-24 12:37:14', NULL, 0),
(136, '', 1, 0, '2023-02-24 12:37:30', NULL, 0),
(137, '', 1, 0, '2023-02-24 12:37:38', NULL, 0),
(138, '', 1, 0, '2023-02-24 13:44:33', NULL, 0),
(139, '', 1, 0, '2023-02-24 13:45:03', NULL, 0),
(140, '', 1, 0, '2023-02-24 13:45:04', NULL, 0),
(141, '', 1, 0, '2023-02-24 13:45:05', NULL, 0),
(142, '', 1, 0, '2023-02-24 13:45:05', NULL, 0),
(143, '', 1, 0, '2023-02-24 13:45:06', NULL, 0),
(144, '', 1, 0, '2023-02-24 13:45:06', NULL, 0),
(145, '', 1, 0, '2023-02-24 13:45:09', NULL, 0),
(146, '', 1, 0, '2023-02-24 13:45:09', NULL, 0),
(147, '', 1, 0, '2023-02-24 13:46:33', NULL, 0),
(148, '', 1, 0, '2023-02-24 13:46:34', NULL, 0),
(149, '', 1, 0, '2023-02-24 13:46:46', NULL, 0),
(150, '', 1, 0, '2023-02-24 13:46:55', NULL, 0),
(151, '', 1, 0, '2023-02-24 13:47:04', NULL, 0),
(152, '', 1, 0, '2023-02-24 13:47:05', NULL, 0),
(153, '', 1, 0, '2023-02-24 13:47:07', NULL, 0),
(154, '', 1, 0, '2023-02-24 13:47:10', NULL, 0),
(155, '', 1, 0, '2023-02-24 13:47:14', NULL, 0),
(156, '', 1, 0, '2023-02-24 13:47:17', NULL, 0),
(157, '', 1, 0, '2023-02-24 13:47:17', NULL, 0),
(158, '', 1, 0, '2023-02-24 13:47:19', NULL, 0),
(159, '', 1, 0, '2023-02-24 13:47:39', NULL, 0),
(160, '', 1, 0, '2023-02-24 13:47:43', NULL, 0),
(161, '', 1, 0, '2023-02-24 13:47:47', NULL, 0),
(162, '', 1, 0, '2023-02-24 13:47:53', NULL, 0),
(163, '', 1, 0, '2023-02-24 13:47:55', NULL, 0),
(164, '', 1, 0, '2023-02-24 13:48:04', NULL, 0),
(165, '', 1, 0, '2023-02-24 13:48:09', NULL, 0),
(166, '', 1, 0, '2023-02-24 13:48:09', NULL, 0),
(167, '', 1, 0, '2023-02-24 13:48:09', NULL, 0),
(168, '', 1, 0, '2023-02-24 13:48:09', NULL, 0),
(169, '', 1, 0, '2023-02-24 13:48:10', NULL, 0),
(170, '', 1, 0, '2023-02-24 13:48:15', NULL, 0),
(171, '', 1, 0, '2023-02-24 13:48:28', NULL, 0),
(172, '', 1, 0, '2023-02-24 15:16:30', NULL, 0),
(173, '', 1, 0, '2023-02-24 15:35:19', NULL, 0),
(174, '', 1, 0, '2023-02-24 15:35:22', NULL, 0),
(175, '', 1, 0, '2023-02-24 15:36:16', NULL, 0),
(176, '', 1, 0, '2023-02-24 15:36:27', NULL, 0),
(177, '', 1, 0, '2023-02-24 15:36:29', NULL, 0),
(178, '', 1, 0, '2023-02-24 15:36:48', NULL, 0),
(179, '', 1, 0, '2023-02-24 15:36:54', NULL, 0),
(180, '', 1, 0, '2023-02-24 15:36:59', NULL, 0),
(181, '', 1, 0, '2023-02-24 15:37:19', NULL, 0),
(182, '', 1, 0, '2023-02-24 15:37:20', NULL, 0),
(183, '', 1, 0, '2023-02-24 15:37:29', NULL, 0),
(184, '', 1, 0, '2023-02-24 15:37:31', NULL, 0),
(185, '', 1, 0, '2023-02-24 15:37:42', NULL, 0),
(186, '', 1, 0, '2023-02-24 15:37:45', NULL, 0),
(187, '', 1, 0, '2023-02-24 15:38:00', NULL, 0),
(188, '', 1, 0, '2023-02-24 15:38:22', NULL, 0),
(189, '', 1, 0, '2023-02-24 15:38:36', NULL, 0),
(190, '', 1, 0, '2023-02-24 15:39:34', NULL, 0),
(191, '', 1, 0, '2023-02-24 15:41:52', NULL, 0),
(192, '', 1, 0, '2023-02-24 15:41:59', NULL, 0),
(193, '', 1, 0, '2023-02-24 15:42:08', NULL, 0),
(194, '', 1, 0, '2023-02-24 15:42:37', NULL, 0),
(195, '', 1, 0, '2023-02-24 15:42:57', NULL, 0),
(196, '', 1, 0, '2023-02-24 15:43:02', NULL, 0),
(197, '', 1, 0, '2023-02-24 15:43:41', NULL, 0),
(198, '', 1, 0, '2023-02-24 15:45:18', NULL, 0),
(199, '', 1, 0, '2023-02-24 15:45:19', NULL, 0),
(200, '', 1, 0, '2023-02-24 15:45:27', NULL, 0),
(201, '', 1, 0, '2023-02-24 15:45:28', NULL, 0),
(202, '', 1, 0, '2023-02-24 15:45:28', NULL, 0),
(203, '', 1, 0, '2023-02-24 15:45:47', NULL, 0),
(204, '', 1, 0, '2023-02-24 15:45:48', NULL, 0),
(205, '', 1, 0, '2023-02-24 15:45:52', NULL, 0),
(206, '', 1, 0, '2023-02-24 15:45:53', NULL, 0),
(207, '', 1, 0, '2023-02-24 15:45:54', NULL, 0),
(208, '', 1, 0, '2023-02-24 15:45:56', NULL, 0),
(209, '', 1, 0, '2023-02-24 15:45:57', NULL, 0),
(210, '', 1, 0, '2023-02-24 15:46:00', NULL, 0),
(211, '', 1, 0, '2023-02-24 15:46:05', NULL, 0),
(212, '', 1, 0, '2023-02-24 15:46:06', NULL, 0),
(213, '', 1, 0, '2023-02-24 15:46:07', NULL, 0),
(214, '', 1, 0, '2023-02-24 15:46:07', NULL, 0),
(215, '', 1, 0, '2023-02-24 15:46:08', NULL, 0),
(216, '', 1, 0, '2023-02-24 15:46:09', NULL, 0),
(217, '', 1, 0, '2023-02-24 15:46:14', NULL, 0),
(218, '', 1, 0, '2023-02-24 15:46:36', NULL, 0),
(219, '', 1, 0, '2023-02-24 15:46:38', NULL, 0),
(220, '', 1, 0, '2023-02-24 15:47:30', NULL, 0),
(221, '', 1, 0, '2023-02-24 15:47:31', NULL, 0),
(222, '', 1, 0, '2023-02-24 15:47:33', NULL, 0),
(223, '', 1, 0, '2023-02-24 15:47:34', NULL, 0),
(224, '', 1, 0, '2023-02-24 15:47:40', NULL, 0),
(225, '', 1, 0, '2023-02-24 15:47:41', NULL, 0),
(226, '', 1, 0, '2023-02-24 15:47:42', NULL, 0),
(227, '', 1, 0, '2023-02-24 15:47:57', NULL, 0),
(228, '', 1, 0, '2023-02-24 15:48:01', NULL, 0),
(229, '', 1, 0, '2023-02-24 15:48:22', NULL, 0),
(230, '', 1, 0, '2023-02-24 15:48:30', NULL, 0),
(231, '', 1, 0, '2023-02-24 15:48:36', NULL, 0),
(232, '', 1, 0, '2023-02-24 15:49:03', NULL, 0),
(233, '', 1, 0, '2023-02-24 15:49:23', NULL, 0),
(234, '', 1, 0, '2023-02-24 15:49:29', NULL, 0),
(235, '', 1, 0, '2023-02-24 15:49:34', NULL, 0),
(236, '', 1, 0, '2023-02-24 15:50:50', NULL, 0),
(237, '', 1, 0, '2023-02-24 15:51:03', NULL, 0),
(238, '', 1, 0, '2023-02-24 15:51:19', NULL, 0),
(239, '', 1, 0, '2023-02-24 15:51:26', NULL, 0),
(240, '', 1, 0, '2023-02-24 15:51:33', NULL, 0),
(241, '', 1, 0, '2023-02-24 15:51:38', NULL, 0),
(242, '', 1, 0, '2023-02-24 15:51:42', NULL, 0),
(243, '', 1, 0, '2023-02-24 15:51:48', NULL, 0),
(244, '', 1, 0, '2023-02-24 15:51:58', NULL, 0),
(245, '', 1, 0, '2023-02-24 15:52:05', NULL, 0),
(246, '', 1, 0, '2023-02-24 15:52:13', NULL, 0),
(247, '', 1, 0, '2023-02-24 15:52:31', NULL, 0),
(248, '', 1, 0, '2023-02-24 15:52:49', NULL, 0),
(249, '', 1, 0, '2023-02-24 15:53:41', NULL, 0),
(250, '', 1, 0, '2023-02-24 15:57:11', NULL, 0),
(251, '', 1, 0, '2023-02-24 15:57:36', NULL, 0),
(252, '', 1, 0, '2023-02-24 15:57:47', NULL, 0),
(253, '', 1, 0, '2023-02-24 15:58:00', NULL, 0),
(254, '', 1, 0, '2023-02-24 15:58:32', NULL, 0),
(255, '', 1, 0, '2023-02-24 15:58:45', NULL, 0),
(256, '', 1, 0, '2023-02-24 15:58:53', NULL, 0),
(257, '', 1, 0, '2023-02-24 15:59:06', NULL, 0),
(258, '', 1, 0, '2023-02-24 15:59:45', NULL, 0),
(259, '', 1, 0, '2023-02-24 15:59:52', NULL, 0),
(260, '', 1, 0, '2023-02-24 15:59:59', NULL, 0),
(261, '', 1, 0, '2023-02-24 16:00:10', NULL, 0),
(262, '', 1, 0, '2023-02-24 16:00:15', NULL, 0),
(263, '', 1, 0, '2023-02-24 16:01:17', NULL, 0),
(264, '', 1, 0, '2023-02-24 16:01:39', NULL, 0),
(265, '', 1, 0, '2023-02-24 16:01:41', NULL, 0),
(266, '', 1, 0, '2023-02-24 16:33:05', NULL, 0),
(267, '', 1, 0, '2023-02-24 16:38:58', NULL, 0),
(268, '', 1, 0, '2023-02-24 16:39:00', NULL, 0),
(269, '', 1, 0, '2023-02-24 16:39:06', NULL, 0),
(270, '', 1, 0, '2023-02-24 16:39:09', NULL, 0),
(271, '', 1, 0, '2023-02-24 16:39:14', NULL, 0),
(272, '', 1, 0, '2023-02-24 16:40:11', NULL, 0),
(273, '', 1, 0, '2023-02-24 16:40:13', NULL, 0),
(274, '', 1, 0, '2023-02-24 16:40:32', NULL, 0),
(275, '', 1, 0, '2023-02-24 16:40:54', NULL, 0),
(276, '', 1, 0, '2023-02-24 16:40:55', NULL, 0),
(277, '', 1, 0, '2023-02-24 16:41:09', NULL, 0),
(278, '', 1, 0, '2023-02-24 16:41:14', NULL, 0),
(279, '', 1, 0, '2023-02-24 16:41:34', NULL, 0),
(280, '', 1, 0, '2023-02-24 16:42:00', NULL, 0),
(281, '', 1, 0, '2023-02-24 16:44:45', NULL, 0),
(282, '', 1, 0, '2023-02-24 16:46:51', NULL, 0),
(283, '', 1, 0, '2023-02-27 08:19:48', NULL, 0),
(284, '', 1, 0, '2023-02-27 09:29:07', NULL, 0),
(285, '', 1, 0, '2023-02-27 09:32:28', NULL, 0),
(286, '', 1, 0, '2023-02-27 09:39:17', NULL, 0),
(287, '', 1, 0, '2023-02-27 09:42:29', NULL, 0),
(288, '', 1, 0, '2023-02-27 09:42:32', NULL, 0),
(289, '', 1, 0, '2023-02-27 09:42:43', NULL, 0),
(290, '', 1, 0, '2023-02-27 09:42:48', NULL, 0),
(291, '', 1, 0, '2023-02-27 09:42:54', NULL, 0),
(292, '', 1, 0, '2023-02-27 09:46:08', NULL, 0),
(293, '', 0, 0, '2023-02-27 09:46:45', NULL, 0),
(294, '', 0, 0, '2023-02-27 09:46:46', NULL, 0),
(295, 'iopa', 0, 10000, '2023-02-27 09:48:18', NULL, 0),
(296, '', 0, 0, '2023-02-27 09:49:06', NULL, 0),
(297, '', 0, 0, '2023-02-27 09:49:08', NULL, 0),
(298, '', 0, 0, '2023-02-27 09:52:52', NULL, 0),
(299, '', 0, 0, '2023-02-27 09:52:55', NULL, 0),
(300, '', 0, 0, '2023-02-27 10:05:28', NULL, 0),
(301, 'opaaa', 2, 146800, '2023-02-27 10:05:37', '2023-02-27 10:06:34', 0),
(302, '', 0, 0, '2023-02-27 10:06:45', NULL, 0),
(303, '', 0, 0, '2023-02-27 10:06:48', NULL, 0),
(304, '', 0, 0, '2023-02-27 10:06:51', NULL, 0),
(305, 'aopsdkpoaskdasd', 2, 149100, '2023-02-27 10:10:25', '2023-02-27 10:10:58', 0),
(306, 'first', 3, 149700, '2023-02-27 10:11:20', '2023-02-27 10:11:47', 0),
(307, 'last', 1, 1, '2023-02-27 10:22:35', '2023-02-27 10:23:29', 0),
(308, 'tttt', 1, 148200, '2023-02-28 10:13:25', '2023-02-28 10:14:07', 0),
(309, 'teste', 1, 148600, '2023-02-28 11:30:22', '2023-02-28 11:31:00', 0),
(310, '', 2, 146800, '2023-02-28 17:12:50', '2023-02-28 17:13:47', 0);

-- --------------------------------------------------------

--
-- Estrutura da tabela `jogador_memoria`
--

CREATE TABLE `jogador_memoria` (
  `idJogadorMemoria` int(11) NOT NULL,
  `idJogador` int(11) NOT NULL,
  `packMemoria` int(11) NOT NULL,
  `par` tinyint(1) NOT NULL DEFAULT 1,
  `tempo` int(11) NOT NULL
) ENGINE=InnoDB DEFAULT CHARSET=utf8mb4;

--
-- Extraindo dados da tabela `jogador_memoria`
--

INSERT INTO `jogador_memoria` (`idJogadorMemoria`, `idJogador`, `packMemoria`, `par`, `tempo`) VALUES
(1, 6, 1, 1, 2),
(2, 6, 1, 1, 11),
(3, 6, 1, 1, 19),
(4, 6, 1, 1, 25),
(5, 6, 1, 1, 27),
(6, 6, 1, 1, 31),
(7, 6, 1, 1, 33),
(8, 7, 1, 1, 4),
(9, 7, 1, 1, 12),
(10, 7, 1, 1, 19),
(11, 7, 1, 1, 24),
(12, 7, 1, 1, 26),
(13, 7, 1, 1, 29),
(14, 7, 1, 1, 31),
(15, 91, 1, 1, 5),
(16, 91, 1, 1, 11),
(17, 91, 1, 1, 15),
(18, 91, 1, 1, 19),
(19, 91, 1, 1, 22),
(20, 91, 1, 1, 24),
(21, 91, 1, 1, 27),
(22, 92, 1, 1, 3),
(23, 92, 1, 1, 7),
(24, 92, 1, 1, 15),
(25, 92, 1, 1, 19),
(26, 92, 1, 1, 24),
(27, 92, 1, 1, 27),
(28, 92, 1, 1, 45),
(29, 93, 1, 1, 25),
(30, 93, 1, 1, 32),
(31, 93, 1, 1, 47),
(32, 93, 1, 1, 50),
(33, 93, 1, 1, 54),
(34, 93, 1, 1, 62),
(35, 93, 1, 1, 66),
(36, 94, 1, 1, 5),
(37, 94, 1, 1, 11),
(38, 94, 1, 1, 15),
(39, 94, 1, 1, 23),
(40, 94, 1, 1, 29),
(41, 94, 1, 1, 31),
(42, 94, 1, 1, 33),
(43, 295, 2, 1, 12),
(44, 295, 2, 1, 18),
(45, 295, 2, 1, 19),
(46, 295, 2, 1, 28),
(47, 295, 2, 1, 29),
(48, 295, 2, 1, 32),
(49, 295, 2, 1, 34),
(50, 301, 2, 1, 28),
(51, 301, 2, 1, 35),
(52, 301, 2, 1, 42),
(53, 301, 2, 1, 46),
(54, 301, 2, 1, 48),
(55, 301, 2, 1, 50),
(56, 301, 2, 1, 52),
(57, 305, 2, 1, 5),
(58, 305, 2, 1, 10),
(59, 305, 2, 1, 23),
(60, 305, 2, 1, 24),
(61, 305, 2, 1, 26),
(62, 305, 2, 1, 27),
(63, 305, 2, 1, 29),
(64, 306, 3, 1, 3),
(65, 306, 3, 1, 7),
(66, 306, 3, 1, 9),
(67, 306, 3, 1, 15),
(68, 306, 3, 1, 17),
(69, 306, 3, 1, 22),
(70, 306, 3, 1, 23),
(71, 307, 1, 1, 17),
(72, 307, 1, 1, 18),
(73, 307, 1, 1, 32),
(74, 307, 1, 1, 38),
(75, 307, 1, 1, 42),
(76, 307, 1, 1, 44),
(77, 307, 1, 1, 46),
(78, 308, 1, 1, 20),
(79, 308, 1, 1, 25),
(80, 308, 1, 1, 28),
(81, 308, 1, 1, 30),
(82, 308, 1, 1, 35),
(83, 308, 1, 1, 36),
(84, 308, 1, 1, 38),
(85, 309, 1, 1, 6),
(86, 309, 1, 1, 8),
(87, 309, 1, 1, 15),
(88, 309, 1, 1, 26),
(89, 309, 1, 1, 30),
(90, 309, 1, 1, 32),
(91, 309, 1, 1, 34),
(92, 310, 2, 1, 13),
(93, 310, 2, 1, 24),
(94, 310, 2, 1, 33),
(95, 310, 2, 1, 38),
(96, 310, 2, 1, 47),
(97, 310, 2, 1, 51),
(98, 310, 2, 1, 52);

-- --------------------------------------------------------

--
-- Estrutura da tabela `texto`
--

CREATE TABLE `texto` (
  `idTexto` int(11) NOT NULL,
  `pack` int(11) NOT NULL,
  `carta` varchar(255) NOT NULL,
  `texto` longtext NOT NULL
) ENGINE=InnoDB DEFAULT CHARSET=utf8mb4;

--
-- Extraindo dados da tabela `texto`
--

INSERT INTO `texto` (`idTexto`, `pack`, `carta`, `texto`) VALUES
(1, 1, '1-2', 'Buscar continuamente novas oportunidades de crescimento e eficiência nos custos, acelerando pep+'),
(2, 1, '2-2', 'Usar dados e empatia para entender e antecipar as necessidades  dos nossos consumidores finais'),
(3, 1, '3-2', 'Criar um espaço transparente e seguro para opiniões diferentes'),
(4, 1, '4-2', 'Manter o foco no que realmente importa e esclarecer o que não faremos'),
(5, 1, '5-2', 'Fazer sempre o correto para a PepsiCo, o planeta e as comunidades onde operamos'),
(6, 1, '6-2', 'Construir um ambiente de trabalho positivo e de apoio voltado para as pessoas'),
(7, 1, '7-2', 'Contratar e promover os melhores e estimular o desenvolvimento contínuo para todos(as)'),
(8, 2, '1-2', 'Assumir riscos calculados e estimular outros a fazer o mesmo'),
(9, 2, '2-2', 'Focar no consumidor final em cada decisão que tomamos'),
(10, 2, '3-2', 'Procurar feedback, ouvir ativamente e ser curioso'),
(11, 2, '4-2', 'Simplificar a forma como trabalhamos, eliminar a burocracias e remover obstáculos'),
(12, 2, '5-2', 'Se comportar de maneira transparente e autêntica'),
(13, 2, '6-2', 'Criar momentos de diversão e celebração'),
(14, 2, '7-2', 'Construir equipes diversas e ambientes inclusivos'),
(15, 3, '1-2', 'Pensar de ponta a ponta; fazer o que seja melhor para PepsiCo como um todo e não apenas para sua área'),
(16, 3, '2-2', 'Inovar constantemente para criar mais valor ao consumidor final'),
(17, 3, '3-2', 'Questionar decisões de forma respeitosa quando discordar'),
(18, 3, '4-2', 'Decidir, se comprometer e executar com rapidez e agilidade'),
(19, 3, '5-2', 'Confiar nos outros e empoderá-los para entregar resultados'),
(20, 3, '6-2', 'Reconhecer as contribuições de cada um, tanto grandes quanto pequenas'),
(21, 3, '7-2', 'Reconhecer pessoas com base nos comportamentos do The PepsiCo Way, desempenho e potencial');

--
-- Índices para tabelas despejadas
--

--
-- Índices para tabela `jogador`
--
ALTER TABLE `jogador`
  ADD PRIMARY KEY (`idJogador`);

--
-- Índices para tabela `jogador_memoria`
--
ALTER TABLE `jogador_memoria`
  ADD PRIMARY KEY (`idJogadorMemoria`);

--
-- Índices para tabela `texto`
--
ALTER TABLE `texto`
  ADD PRIMARY KEY (`idTexto`);

--
-- AUTO_INCREMENT de tabelas despejadas
--

--
-- AUTO_INCREMENT de tabela `jogador`
--
ALTER TABLE `jogador`
  MODIFY `idJogador` int(11) NOT NULL AUTO_INCREMENT, AUTO_INCREMENT=311;

--
-- AUTO_INCREMENT de tabela `jogador_memoria`
--
ALTER TABLE `jogador_memoria`
  MODIFY `idJogadorMemoria` int(11) NOT NULL AUTO_INCREMENT, AUTO_INCREMENT=99;

--
-- AUTO_INCREMENT de tabela `texto`
--
ALTER TABLE `texto`
  MODIFY `idTexto` int(11) NOT NULL AUTO_INCREMENT, AUTO_INCREMENT=22;
COMMIT;

/*!40101 SET CHARACTER_SET_CLIENT=@OLD_CHARACTER_SET_CLIENT */;
/*!40101 SET CHARACTER_SET_RESULTS=@OLD_CHARACTER_SET_RESULTS */;
/*!40101 SET COLLATION_CONNECTION=@OLD_COLLATION_CONNECTION */;
